# Product Name, Price
NIKE Performance Cushion Crew Socks with Band (6 Pairs), $35
Nike Everyday Cushion Crew Training Socks, $21
Nike Everyday Cushion Crew Socks, $27
NIKE Unisex Performance Cushion Crew Socks with Bag (6 Pairs), White/Black, Medium, $37
Nike Everyday Cushion Ankle Training Socks (3 Pair), $22
NIKE Unisex Performance Cushion Crew Socks with Band (6 Pairs), White/Black, Large, $34
Performance Lightweight Crew Training Socks (3 Pair) (Medium, White/Black), $24
Nike Men's Fastbreak Short, $29
Nike Everyday Lightweight Crew 3-Pair, $17
Nike 6-pk. Performance Cotton Crew Socks Size 8-12, $35
NIKE Performance Cushion Quarter Socks with Bag (6 Pairs), $27
NIKE Plus Cushion Socks 6-Pair Men's Crew Women's 8-12, $39
Alvada Merino Wool Hiking Socks Thermal Warm Crew Winter Boot Sock For Men & Women 3 Pairs, $20
BULLIANT Compression Socks For Men 6 Pairs, Sports Running Athletic Socks for Men Full Cushioned Sole, $15
Nike Kids' Performance Cushioned Crew Training Socks (6 Pair), $34
Knee High Team Sports Socks,Big Pack For Unisex Soccer Football Cheerleaders School Uniform Athletic Socks 6/12 Pairs, $29
Wrestling Athletic Mid-Calf Woven Socks | Eat. Sleep. Wrestle. Socks | Black | Youth and Adult Sizes, $11
Thermal Socks for Men, Winter Warm Socks Womens for Cold Weather, Outdoor Sports, $17
Just Wrestle Woven Mid-Calf Socks | Youth & Adult Sizes, $11
Thermal Socks for Men - Winter Warm Socks Mens Womens for Cold Weather, Extreme Temperatures, $17
Disile Elite Basketball Socks, 3 Pack Cushioned Sports Socks Crew Socks for Men & Women, $16
Dingcooler Scrunch Football Socks 2 Pack, Extra Long Padded Athletic Socks for Men & Women, $16
Mens Dress Socks 5 Pairs Casual Crew Cotton Socks Running for Men Size 10-13, $17
TSOTMO 2 Pairs I’d Rather Be Fishing Socks Fishing Socks Gift For Fisherman,Fathers Day Gift, $16
Nike Moisture Wicking Crew Socks Men's 6, $30
NIKE Everyday Performance Training Socks (6-Pair), $32
Men's Nike DRI-FIT 6-pk. Low-Cut Performance Socks, S 8-12 (BLACK) (BLACK) (BLACK), $26
NIKE Dry Cushion Crew Training Socks (6 Pairs), $34
Nike Everyday Cushion No Show Socks, $29
Nike Men's Dri-Fit Training Cotton Cushioned Crew Socks (6 Pair), $22
Nike Dri-FIT Crew Socks (Medium/6 Pairs) Black/White Size Medium, $31
NIKE Performance Cushion No-Show Socks with Band (6 Pairs), $28
Nike 6 Pack Sports Dri-Fit Moisture Wicking Athletic Crew Socks Red Yellow Blue Green Purple Orange White, $35
NIKE Performance Cushion Crew Training Socks (3 Pairs), $29
Nike Men's Everyday Plus Cushion Crew Socks (Large, Multi), $37
Nike Men's Bag Cotton Quarter Cut Socks (6 Pack) (Large (shoe size 8-12), White), $26
NIKE Dri-Fit Training Everyday PLUS MAX Cushioned Crew Socks 6 PAIR Wolf Grey Black Swoosh Logo) LARGE 8-12, $27
Nike Men`s Everyday Essential Crew Socks 3 Pack, $23
Nike Everyday Cushion Low Training Socks (3 Pair), $21
Nike Mens Everyday Cushion Ankle Socks 6-Pack Sx6899, $23
Nike Every Plus Lightweight Crew 3-Pair Pack, $22
NIKE Performance Cushion Quarter Socks with Band (6 Pairs), $27
NIKE Performance Cushion Crew Socks with Bag (6 Pairs), $25
NIKE Dri-Fit Training Everyday PLUS MAX Cushioned No-Show Socks 6 PAIR, $25
Nike Everyday Plus Cushion Low Socks 6-Pair Pack, $25
Nike 3PK DRI-FIT Cushion Crew Socks - Men's (8-12), $24
Nike Men`s Everyday Plus Cushioned Training Crew Socks 3 Pack, $37
Nike Everyday Cushion No Show Socks, $18
Nike Everyday Cushion Ankle Training Socks (6 Pair), $25
Nike Dry Cushion Crew Training Sock (3 Pairs),White,Medium, $23
NIKE Dri-Fit Training Cotton Cushioned Crew Socks 6 PAIR White with Black Signature Swoosh Logo) LARGE 8-12, $36
Nike Everyday Plus Cushion Crew Training Socks (6 Pair) nkSX6897 065, $24
Nike Plus Socks, $29
Nike Unisex Dri-Fit Cushioned Crew Socks 3 Pair-Black-Large, $25
Tie Dye Nike Dri-Fit Crew Socks - Red Blue / Green, $25
Nike Performance Cotton Cushioned Socks 6 Pack Low-Cut SX5173, Black, Large 8-12, $26
NIKE Unisex Performance Cushion Crew Training Socks (3 Pairs), White, Large, $27
Nike Everyday Plus Cushion No Show Socks (6 Pair), $23
Nike Men's 6-pk. Low-Cut Performance Socks, S 8-12, $29
NIKE Dri-Fit Training Everyday PLUS MAX Cushioned Quarter Cut Ankle Socks 6 PAIR White Black Swoosh Logo) LARGE 8-12, $46
